series,x,y
15MPa,0.1540041067761807,-0.013965087281795574
15MPa,0.1540041067761807,0.2234413965087283
15MPa,1.7453798767967146,0.2234413965087283
15MPa,8.829568788501026,0.2234413965087283
15MPa,16.27310061601643,0.2234413965087283
15MPa,22.587268993839835,0.22693266832917702
15MPa,25.05133470225873,0.2234413965087283
24MPa,0.1026694045174538,0.003491325093029296
24MPa,0.2053388090349076,0.2897756143698371
24MPa,2.0533880903490758,0.2967581580107348
24MPa,8.7782340862423,0.2967581580107348
24MPa,16.478439425051334,0.2967581580107348
24MPa,22.279260780287473,0.30024942983118375
24MPa,25.102669404517453,0.30374070165163247
33MPa,0.2053388090349076,5.3272580124996693e-08
33MPa,0.2053388090349076,0.3735661380606101
33MPa,1.7453798767967146,0.3910224971628544
33MPa,8.726899383983573,0.3875312253424057
33MPa,16.529774127310063,0.3875312253424057
33MPa,22.484599589322382,0.3910224971628544
33MPa,25.15400410677618,0.3875312253424057
43MPa,0.1026694045174538,5.3272580124996693e-08
43MPa,0.2053388090349076,0.44339157446958766
43MPa,1.1293634496919918,0.46783047721272986
43MPa,8.316221765913758,0.4713217490331787
43MPa,16.88911704312115,0.46783047721272986
43MPa,22.741273100616016,0.4783042926740765
43MPa,25.308008213552363,0.47481302085362764
52MPa,0.1026694045174538,0.47481302085362764
52MPa,0.25667351129363447,0.5411471854421562
52MPa,0.8726899383983573,0.5725686318261962
52MPa,0.9753593429158111,0.6109726218511338
52MPa,2.0533880903490758,0.6493766118760715
52MPa,2.1560574948665296,1.0857855894321813
52MPa,2.1560574948665296,1.2673317240955229
52MPa,2.2073921971252566,1.372069878708989
