series,x,y
轴向应力σz-应变εz曲线,0.014209591474245116,0.2870813397129126
轴向应力σz-应变εz曲线,0.07104795737122557,8.899521531100476
轴向应力σz-应变εz曲线,0.11367673179396093,16.076555023923447
轴向应力σz-应变εz曲线,0.14209591474245115,25.263157894736835
轴向应力σz-应变εz曲线,0.1847246891651865,43.34928229665071
轴向应力σz-应变εz曲线,0.2984014209591474,63.44497607655502
轴向应力σz-应变εz曲线,0.3410301953818828,83.54066985645933
轴向应力σz-应变εz曲线,0.369449378330373,100.47846889952153
轴向应力σz-应变εz曲线,0.4404973357015986,115.11961722488039
轴向应力σz-应变εz曲线,0.5541740674955595,114.83253588516746
轴向应力σz-应变εz曲线,1.83303730017762,106.50717703349282
轴向应力σz-应变εz曲线,2.9982238010657194,98.75598086124401
轴向应力σz-应变εz曲线,4.149200710479573,91.00478468899522
轴向应力σz-应变εz曲线,5.214920071047957,83.25358851674642
轴向应力σz-应变εz曲线,6.238010657193605,77.22488038277513
轴向应力σz-应变εz曲线,7.346358792184724,69.47368421052632
