series,day_of_year_day,cumulative_deformation_mm,point_type,confidence,source_figure_id
DK0+915SL03-SL04,72.44124700239809,-3.488372093023256,measured,0.7,16749
DK0+915SL03-SL04,73.32374100719424,17.441860465116278,measured,0.7,16749
DK0+915SL03-SL04,74.53717026378897,45.348837209302324,measured,0.7,16749
DK0+915SL03-SL04,75.30935251798562,94.18604651162791,measured,0.7,16749
DK0+915SL03-SL04,76.41247002398082,132.5581395348837,measured,0.7,16749
DK0+915SL03-SL04,77.29496402877697,170.93023255813952,measured,0.7,16749
DK0+915SL03-SL04,78.39808153477219,216.27906976744185,measured,0.7,16749
DK0+915SL03-SL04,79.28057553956835,237.2093023255814,measured,0.7,16749
DK0+915SL03-SL04,81.26618705035972,289.5348837209302,measured,0.7,16749
DK0+915SL03-SL04,83.14148681055156,320.93023255813955,measured,0.7,16749
DK0+915SL03-SL04,84.24460431654677,348.83720930232556,measured,0.7,16749
DK0+915SL03-SL04,86.23021582733813,359.30232558139534,measured,0.7,16749
DK0+915SL03-SL04,88.2158273381295,362.7906976744186,measured,0.7,16749
DK0+915SL03-SL04,90.09112709832135,376.74418604651163,measured,0.7,16749
DK0+915SL03-SL04,91.08393285371703,390.69767441860466,measured,0.7,16749
DK0+915SL03-SL04,91.85611510791367,376.74418604651163,measured,0.7,16749
DK0+915SL03-SL04,95.16546762589928,373.25581395348837,measured,0.7,16749
DK0+915SL03-SL04,95.93764988009592,383.72093023255815,measured,0.7,16749
DK0+915SL03-SL04,97.81294964028777,376.74418604651163,measured,0.7,16749
DK0+915SL03-SL04,98.69544364508394,411.6279069767442,measured,0.7,16749
DK0+915SL03-SL04,101.7841726618705,401.16279069767444,measured,0.7,16749
DK0+915SL03-SL04,104.76258992805755,390.69767441860466,measured,0.7,16749
DK0+915SL03-SL04,111.60191846522781,394.1860465116279,measured,0.7,16749
DK0+915SL03-SL04,117.55875299760191,394.1860465116279,measured,0.7,16749
DK0+915SL05-SL06,76.3021582733813,0,measured,0.7,16749
DK0+915SL05-SL06,77.29496402877697,41.86046511627907,measured,0.7,16749
DK0+915SL05-SL06,77.4052757793765,59.30232558139535,measured,0.7,16749
DK0+915SL05-SL06,79.39088729016787,97.67441860465117,measured,0.7,16749
DK0+915SL05-SL06,81.26618705035972,139.53488372093022,measured,0.7,16749
DK0+915SL05-SL06,83.3621103117506,184.88372093023256,measured,0.7,16749
DK0+915SL05-SL06,85.67865707434052,233.72093023255815,measured,0.7,16749
DK0+915SL05-SL06,88.43645083932853,251.1627906976744,measured,0.7,16749
DK0+915SL05-SL06,90.09112709832135,265.1162790697674,measured,0.7,16749
DK0+915SL05-SL06,92.07673860911271,279.06976744186045,measured,0.7,16749
DK0+915SL05-SL06,93.17985611510791,282.5581395348837,measured,0.7,16749
DK0+915SL05-SL06,95.49640287769785,279.06976744186045,measured,0.7,16749
DK0+915SL05-SL06,96.93045563549161,279.06976744186045,measured,0.7,16749
DK0+915SL05-SL06,97.15107913669064,286.04651162790697,measured,0.7,16749
DK0+915SL05-SL06,99.79856115107914,296.51162790697674,measured,0.7,16749
DK0+915SL05-SL06,102.99760191846522,300,measured,0.7,16749
DK0+915SL05-SL06,105.86570743405275,306.9767441860465,measured,0.7,16749
DK0+915SL05-SL06,111.60191846522781,310.4651162790698,measured,0.7,16749
DK0+915SL05-SL06,117.44844124700239,310.4651162790698,measured,0.7,16749
DK0+915SL01-SL02,72.44124700239809,3.488372093023256,measured,0.7,16749
DK0+915SL01-SL02,75.41966426858514,41.86046511627907,measured,0.7,16749
DK0+915SL01-SL02,77.29496402877697,73.25581395348837,measured,0.7,16749
DK0+915SL01-SL02,79.17026378896882,90.69767441860465,measured,0.7,16749
DK0+915SL01-SL02,81.26618705035972,94.18604651162791,measured,0.7,16749
DK0+915SL01-SL02,83.03117505995203,108.13953488372093,measured,0.7,16749
DK0+915SL01-SL02,85.23741007194245,118.6046511627907,measured,0.7,16749
DK0+915SL01-SL02,88.10551558752998,118.6046511627907,measured,0.7,16749
DK0+915SL01-SL02,89.98081534772183,125.5813953488372,measured,0.7,16749
DK0+915SL01-SL02,92.18705035971223,125.5813953488372,measured,0.7,16749
DK0+915SL01-SL02,93.95203836930456,136.04651162790697,measured,0.7,16749
DK0+915SL01-SL02,96.04796163069544,129.06976744186048,measured,0.7,16749
DK0+915SL01-SL02,98.91606714628297,153.48837209302326,measured,0.7,16749
DK0+915SL01-SL02,101.7841726618705,146.51162790697674,measured,0.7,16749
DK0+915SL01-SL02,103.76978417266187,146.51162790697674,measured,0.7,16749
DK0+915SL01-SL02,105.64508393285371,153.48837209302326,measured,0.7,16749
DK0+915SL01-SL02,111.60191846522781,160.46511627906978,measured,0.7,16749
DK0+915SL01-SL02,117.44844124700239,156.97674418604652,measured,0.7,16749
DK0+915GD,72.44124700239809,0,measured,0.7,16749
DK0+915GD,73.43405275779376,0,measured,0.7,16749
DK0+915GD,74.42685851318944,6.976744186046512,measured,0.7,16749
DK0+915GD,76.41247002398082,24.41860465116279,measured,0.7,16749
DK0+915GD,78.28776978417267,24.41860465116279,measured,0.7,16749
DK0+915GD,81.37649880095924,34.883720930232556,measured,0.7,16749
DK0+915GD,83.25179856115108,52.325581395348834,measured,0.7,16749
DK0+915GD,84.24460431654677,55.81395348837209,measured,0.7,16749
DK0+915GD,86.23021582733813,69.76744186046511,measured,0.7,16749
DK0+915GD,88.2158273381295,76.74418604651163,measured,0.7,16749
DK0+915GD,90.09112709832135,83.72093023255815,measured,0.7,16749
DK0+915GD,92.84892086330936,97.67441860465117,measured,0.7,16749
DK0+915GD,95.16546762589928,108.13953488372093,measured,0.7,16749
DK0+915GD,98.03357314148681,122.09302325581395,measured,0.7,16749
DK0+915GD,100.79136690647482,125.5813953488372,measured,0.7,16749
DK0+915GD,103.76978417266187,125.5813953488372,measured,0.7,16749
DK0+915GD,105.97601918465227,139.53488372093022,measured,0.7,16749
DK0+915GD,111.71223021582733,139.53488372093022,measured,0.7,16749
DK0+915GD,117.44844124700239,139.53488372093022,measured,0.7,16749
